{
    "time": [
        16.532381534576416,
        29.375258445739746,
        45.32976174354553,
        58.76802730560303,
        76.90794324874878,
        89.39657473564148,
        103.07313132286072,
        117.07954144477844,
        131.11257934570312,
        146.26552486419678,
        162.7004849910736,
        174.89764738082886,
        187.4905140399933,
        202.89980149269104,
        218.0838496685028,
        233.88927626609802,
        247.01791191101074,
        261.7243981361389,
        277.8736641407013,
        293.61981678009033,
        308.15629601478577,
        326.2475519180298,
        343.4752423763275,
        363.4633584022522,
        381.1816370487213,
        399.1790053844452,
        417.38650822639465,
        433.4716031551361,
        452.8690881729126,
        471.1238327026367,
        489.5651078224182,
        509.01555252075195,
        527.9845702648163,
        546.1499094963074,
        562.6778647899628,
        581.4745988845825,
        598.5793972015381,
        618.127932548523,
        636.5688169002533,
        653.5345983505249,
        670.8155987262726,
        687.7796807289124,
        706.6559519767761,
        725.359875202179,
        744.7505824565887,
        760.7527115345001,
        778.4836831092834,
        798.0093278884888,
        815.6184282302856,
        834.6389293670654
    ],
    "trainLoss": [
        1.7596632242202759,
        0.7215887904167175,
        0.6533327102661133,
        0.6691702604293823,
        0.614060640335083,
        0.5222960710525513,
        0.41986149549484253,
        0.20285826921463013,
        0.2629562318325043,
        0.5991658568382263,
        0.27259561419487,
        0.12879008054733276,
        0.20698894560337067,
        0.12012787908315659,
        0.23003274202346802,
        0.42495885491371155,
        0.21439576148986816,
        0.15207184851169586,
        0.07996104657649994,
        0.25836360454559326,
        0.18851210176944733,
        0.2347470223903656,
        0.13299560546875,
        0.06797004491090775,
        0.21026943624019623,
        0.180832177400589,
        0.17320773005485535,
        0.09905382245779037,
        0.07177624851465225,
        0.2086612582206726,
        0.13405384123325348,
        0.08999314904212952,
        0.1345265507698059,
        0.11853587627410889,
        0.08260487020015717,
        0.050760820508003235,
        0.10990088433027267,
        0.19598916172981262,
        0.18416175246238708,
        0.07624071091413498,
        0.22853539884090424,
        0.11597014963626862,
        0.07143846154212952,
        0.13085037469863892,
        0.1694086492061615,
        0.09572799503803253,
        0.10675210505723953,
        0.17974670231342316,
        0.11764169484376907,
        0.15282240509986877
    ],
    "testLoss": [
        1.6782150971940784,
        0.9062240860838794,
        0.65568500746227,
        0.5550520831848407,
        0.5188659194355445,
        0.46149208418196086,
        0.43758893086269873,
        0.425159808969527,
        0.4229141134532889,
        0.4170045383737068,
        0.44955887351947543,
        0.4510943958491142,
        0.44847705984086295,
        0.4645822843892778,
        0.4389322927998998,
        0.467924951554517,
        0.5028191333763719,
        0.47980565034178185,
        0.4735624029655433,
        0.48797096177413557,
        0.5562864484124632,
        0.5664938743230237,
        0.5502791179054415,
        0.5081251656708721,
        0.5234930276431111,
        0.5260827276116145,
        0.5595095422858465,
        0.569457383557339,
        0.5848218581393664,
        0.5634026354489037,
        0.5403093602954792,
        0.5296511230984566,
        0.559410707160748,
        0.5600094493357184,
        0.6350146166444485,
        0.6443340064707019,
        0.5458545843076325,
        0.6360633102163773,
        0.663593660927874,
        0.6241466297133246,
        0.6343044815579293,
        0.600738357750272,
        0.6125529628629397,
        0.6210786840559591,
        0.6073491372575625,
        0.6321258626983586,
        0.6338543648652379,
        0.661853092758657,
        0.6089361363125492,
        0.6418576231747225
    ],
    "accTest": [
        38.46035648432698,
        68.69237861094038,
        77.420098340504,
        80.6200061462815,
        81.60341118623234,
        82.9978488014751,
        83.80454824830977,
        84.0619237861094,
        84.12722802704364,
        84.81868469575906,
        83.76613398893669,
        84.5421020282729,
        84.27320221266135,
        83.89674247080517,
        84.89935464044254,
        84.60356484326982,
        83.78918254456055,
        84.41149354640443,
        84.83789182544561,
        84.50368776889981,
        83.81991395205901,
        84.39612784265519,
        84.3500307314075,
        84.8839889366933,
        85.00307314074985,
        84.84173325138292,
        84.55746773202213,
        84.41149354640443,
        84.28088506453595,
        84.98770743700061,
        84.61124769514444,
        85.36416717885679,
        85.00307314074985,
        84.81100184388445,
        84.32314074984635,
        84.5421020282729,
        84.9761831591887,
        84.74953902888753,
        84.13875230485556,
        84.51905347264905,
        84.63045482483098,
        84.98770743700061,
        84.93776889981561,
        84.69960049170253,
        85.44483712354025,
        84.16948371235402,
        84.87630608481868,
        84.77258758451137,
        84.99923171481254,
        84.74569760295022
    ],
    "accTrain": [
        24.157418403702035,
        57.06485387061987,
        74.50892064922124,
        79.89134144177348,
        82.27609648224743,
        83.8513725650791,
        85.0348772130991,
        85.92216443479803,
        86.66885075828931,
        87.49880557489386,
        88.1949847796115,
        88.81062560574416,
        89.1750958952728,
        89.66242133857516,
        89.83441855385833,
        90.43913892187777,
        90.34904514244373,
        90.63024693885909,
        90.83500552848191,
        90.87868736093479,
        91.0670652633878,
        91.07662066423687,
        91.20766616159548,
        91.2868394829163,
        91.27591902480309,
        91.21039627612379,
        91.45883669819949,
        91.42061509480322,
        91.40013923584094,
        91.51616910329388,
        91.50524864518067,
        91.50524864518067,
        91.63083391348268,
        91.60216771093548,
        91.72092769291672,
        91.61991345536946,
        91.54893047763353,
        91.7673396398979,
        91.68953137584121,
        91.61718334084115,
        91.73730838008655,
        91.6417543715959,
        91.78508538433188,
        91.82740215952059,
        91.77416492621866,
        91.75505412452053,
        91.7932757279168,
        91.84105273216211,
        91.70318194848274,
        91.90657548084143
    ]
}