{
    "time": [
        14.257638692855835,
        27.739549160003662,
        40.34347605705261,
        52.26019263267517,
        65.75674057006836,
        79.20675730705261,
        91.21533012390137,
        103.82316732406616,
        115.77817153930664,
        129.23722863197327,
        141.8447461128235,
        155.5147705078125,
        167.67253470420837,
        179.903662443161,
        193.54409265518188,
        206.63319873809814,
        218.59977293014526,
        232.26394629478455,
        245.60324907302856,
        259.0524115562439,
        271.06707644462585,
        283.0057234764099,
        294.9921021461487,
        306.966112613678,
        318.9377477169037,
        330.91023349761963,
        344.2277617454529,
        357.509352684021,
        371.0706751346588,
        383.08998560905457,
        396.46007204055786,
        410.119647026062,
        422.1286373138428,
        434.1051652431488,
        446.06835412979126,
        459.3944878578186,
        471.43438959121704,
        484.85264229774475,
        498.2948582172394,
        511.8307430744171,
        525.3725702762604,
        537.3615863323212,
        550.0447106361389,
        562.0187995433807,
        573.9888691902161,
        587.4732575416565,
        599.5050337314606,
        613.2075912952423,
        625.4620046615601,
        637.4195594787598
    ],
    "trainLoss": [
        2.272395372390747,
        2.2991936206817627,
        2.2685623168945312,
        2.25138783454895,
        2.238654375076294,
        2.265181303024292,
        2.233914375305176,
        2.2339282035827637,
        2.264986515045166,
        2.2654709815979004,
        2.272719383239746,
        2.1969175338745117,
        2.138838052749634,
        2.172157049179077,
        2.2228355407714844,
        2.3259434700012207,
        2.307453155517578,
        2.2817001342773438,
        2.2476160526275635,
        2.2047817707061768,
        2.266519784927368,
        2.221734046936035,
        2.2866568565368652,
        2.269193172454834,
        2.2571182250976562,
        2.2723076343536377,
        2.290332078933716,
        2.2254221439361572,
        2.1126301288604736,
        2.2169950008392334,
        2.2187860012054443,
        2.1707701683044434,
        2.1797776222229004,
        2.2428598403930664,
        2.2609963417053223,
        2.1185312271118164,
        2.2305710315704346,
        2.3205323219299316,
        2.1344707012176514,
        2.184326171875,
        2.167588472366333,
        2.225179433822632,
        2.226160764694214,
        2.2713499069213867,
        2.246854066848755,
        2.174856662750244,
        2.268090009689331,
        2.267534017562866,
        2.251103639602661,
        2.1590538024902344
    ],
    "testLoss": [
        2.2874822610715597,
        2.2762106840934355,
        2.2665445929153902,
        2.2580654352958316,
        2.2508924867598354,
        2.2452587580197267,
        2.2406304681235176,
        2.2366331976179556,
        2.2336498745834454,
        2.2311553392369246,
        2.229266681917328,
        2.2279712065056048,
        2.226892547513637,
        2.2260625003376253,
        2.2256052384144995,
        2.2252007515502252,
        2.2248305922721014,
        2.224711511350513,
        2.224515297109537,
        2.2244042535464166,
        2.2243747324319285,
        2.2243089353518024,
        2.224095096599858,
        2.2241466735577244,
        2.2240983274866633,
        2.2240596951776,
        2.2241245708219393,
        2.224012964549941,
        2.2240547269271356,
        2.224212365129936,
        2.2240601711355255,
        2.2241784689539257,
        2.223961980781016,
        2.223915034448287,
        2.2240872139863317,
        2.2239762524849223,
        2.224326400428589,
        2.2240007396995765,
        2.224069369081053,
        2.223923437567525,
        2.223966473073555,
        2.2239645153155854,
        2.22400207378854,
        2.2239868829934673,
        2.2239865430235204,
        2.223939409121166,
        2.2238783223832685,
        2.2239913799752467,
        2.224011475716036,
        2.2238844957685795
    ],
    "accTest": [
        11.07098955132145,
        11.07098955132145,
        11.07098955132145,
        19.587430854333128,
        19.587430854333128,
        19.587430854333128,
        19.587430854333128,
        19.587430854333128,
        19.587430854333128,
        19.587430854333128,
        19.587430854333128,
        19.587430854333128,
        19.587430854333128,
        19.587430854333128,
        19.587430854333128,
        19.587430854333128,
        19.587430854333128,
        19.587430854333128,
        19.587430854333128,
        19.587430854333128,
        19.587430854333128,
        19.587430854333128,
        19.587430854333128,
        19.587430854333128,
        19.587430854333128,
        19.587430854333128,
        19.587430854333128,
        19.587430854333128,
        19.587430854333128,
        19.587430854333128,
        19.587430854333128,
        19.587430854333128,
        19.587430854333128,
        19.587430854333128,
        19.587430854333128,
        19.587430854333128,
        19.587430854333128,
        19.587430854333128,
        19.587430854333128,
        19.587430854333128,
        19.587430854333128,
        19.587430854333128,
        19.587430854333128,
        19.587430854333128,
        19.587430854333128,
        19.587430854333128,
        19.587430854333128,
        19.587430854333128,
        19.587430854333128,
        19.587430854333128
    ],
    "accTrain": [
        11.598891573501508,
        12.52986062765333,
        15.14804046029731,
        18.387321348130556,
        18.921058738414075,
        18.921058738414075,
        18.921058738414075,
        18.921058738414075,
        18.921058738414075,
        18.921058738414075,
        18.921058738414075,
        18.921058738414075,
        18.921058738414075,
        18.921058738414075,
        18.921058738414075,
        18.921058738414075,
        18.921058738414075,
        18.921058738414075,
        18.921058738414075,
        18.921058738414075,
        18.921058738414075,
        18.921058738414075,
        18.921058738414075,
        18.921058738414075,
        18.921058738414075,
        18.921058738414075,
        18.921058738414075,
        18.921058738414075,
        18.921058738414075,
        18.921058738414075,
        18.921058738414075,
        18.921058738414075,
        18.921058738414075,
        18.921058738414075,
        18.921058738414075,
        18.921058738414075,
        18.921058738414075,
        18.921058738414075,
        18.921058738414075,
        18.921058738414075,
        18.921058738414075,
        18.921058738414075,
        18.921058738414075,
        18.921058738414075,
        18.921058738414075,
        18.921058738414075,
        18.921058738414075,
        18.921058738414075,
        18.921058738414075,
        18.921058738414075
    ]
}