{
    "time": [
        16.64894723892212,
        32.59653425216675,
        50.509865283966064,
        64.89639639854431,
        81.68092632293701,
        94.15364456176758,
        107.551917552948,
        121.9813780784607,
        135.15094208717346,
        150.83565664291382,
        163.87486696243286,
        177.99231886863708,
        190.8149983882904,
        204.31157040596008,
        218.20230054855347,
        230.61610341072083,
        242.7967231273651,
        255.2711808681488,
        268.1934368610382,
        282.3836908340454,
        296.4100205898285,
        309.10893535614014,
        321.1612412929535,
        333.4159846305847,
        345.6494998931885,
        357.8281192779541,
        369.93634128570557,
        384.37493348121643,
        396.9622826576233,
        410.6348867416382,
        422.9694764614105,
        437.97248673439026,
        450.76072883605957,
        464.1653389930725,
        478.544864654541,
        493.0905604362488,
        505.3784260749817,
        519.1946175098419,
        531.4045689105988,
        545.1464233398438,
        558.4207074642181,
        570.6339542865753,
        583.0044405460358,
        595.3155705928802,
        607.3817136287689,
        621.0673654079437,
        633.2865011692047,
        645.4231033325195,
        657.7786722183228,
        670.0480513572693
    ],
    "trainLoss": [
        1.6941392421722412,
        0.7576271891593933,
        0.6612779498100281,
        0.544569730758667,
        0.7016581296920776,
        0.42488861083984375,
        0.4008159041404724,
        0.18344220519065857,
        0.1392347812652588,
        0.351163774728775,
        0.11306115239858627,
        0.1006489247083664,
        0.09428249299526215,
        0.12242095917463303,
        0.2476261407136917,
        0.6631407141685486,
        0.04239754378795624,
        0.18212653696537018,
        0.03621479123830795,
        0.15664200484752655,
        0.027703020721673965,
        0.004032481927424669,
        0.040516529232263565,
        0.022661153227090836,
        0.10689789801836014,
        0.03214360773563385,
        0.004569990560412407,
        0.023361047729849815,
        0.06301558017730713,
        0.000878139806445688,
        0.0040604895912110806,
        0.008031363599002361,
        0.005615426693111658,
        0.0021199260372668505,
        0.004526237491518259,
        0.0020025705453008413,
        0.00899555068463087,
        0.012510628439486027,
        0.09699123352766037,
        0.006255967542529106,
        0.0010054738959297538,
        0.0004749878717120737,
        0.001447392045520246,
        0.002392364665865898,
        0.0015596861485391855,
        0.00046084527275525033,
        0.0010668832110241055,
        0.003008021041750908,
        0.00880498718470335,
        0.006559871137142181
    ],
    "testLoss": [
        1.6478685427093036,
        0.9404512802808652,
        0.6855914345092399,
        0.5438607467341877,
        0.49278241106536247,
        0.42209056556481267,
        0.4237683301479009,
        0.3690409376054141,
        0.3822446036499999,
        0.3673009796236363,
        0.3501099320958565,
        0.34155405556855206,
        0.3976396755272432,
        0.39653336760011565,
        0.36422315139160905,
        0.4152020435063621,
        0.39633312354295913,
        0.3800964660269392,
        0.4180799864081422,
        0.46033440210662446,
        0.4668221869348527,
        0.48627638978026144,
        0.47837810246726087,
        0.44945112649252905,
        0.46449625499422886,
        0.4870625468361356,
        0.4922647962705006,
        0.4895784000567886,
        0.4924271465739958,
        0.5152984823122593,
        0.4985734351075494,
        0.5052919182663105,
        0.4830786734910999,
        0.5158470824370006,
        0.535687074385762,
        0.5419105835758108,
        0.559649876604508,
        0.5730144070494593,
        0.5389570120147349,
        0.5617925073005849,
        0.5500397872690342,
        0.5543674886336558,
        0.5238112740965071,
        0.574934943585434,
        0.5552709083580575,
        0.5240242283404349,
        0.587546302265526,
        0.5884319263216756,
        0.5367817459622262,
        0.6521352874624561
    ],
    "accTest": [
        39.228641671788566,
        67.490012292563,
        77.54686539643515,
        82.69437615242778,
        84.77258758451137,
        86.96988322065151,
        86.81622618315919,
        88.87523048555624,
        88.57944068838353,
        88.78303626306085,
        89.75875845113706,
        90.04302397049784,
        88.66779348494161,
        88.98279041180086,
        90.18131530424094,
        88.52181929932391,
        89.85479409956976,
        90.63460356484327,
        89.97771972956362,
        89.45528580208973,
        89.85479409956976,
        89.7318684695759,
        89.30162876459742,
        90.17363245236632,
        90.43869084204057,
        90.5078365089121,
        89.95851259987707,
        89.920098340504,
        90.15826674861708,
        90.51936078672404,
        90.14674247080517,
        90.62692071296865,
        90.86508912108175,
        90.64612784265519,
        90.29655808236018,
        90.4540565457898,
        89.7241856177013,
        90.44253226797787,
        90.44637369391518,
        90.2082052858021,
        90.65765212046712,
        90.19283958205286,
        90.78826060233558,
        89.98540258143824,
        90.62307928703135,
        91.20313460356485,
        90.88429625076829,
        90.6000307314075,
        90.69606637984019,
        90.70374923171481
    ],
    "accTrain": [
        25.29724121926915,
        47.69510080947896,
        74.33965354846636,
        82.14641604215296,
        85.98086189715659,
        88.14447766083788,
        89.61191421980152,
        90.97014619763299,
        92.04990649357741,
        92.9672249750877,
        93.89000368565462,
        94.72268861678748,
        95.14312625414637,
        95.8707017759395,
        96.36348744829846,
        96.87401886509139,
        97.2425843264125,
        97.53334152367692,
        97.7681313731111,
        97.86778055339421,
        98.12168120452652,
        98.3428204813192,
        98.4083432299985,
        98.4684057496212,
        98.58170550254583,
        98.79601949301774,
        98.72230640075351,
        98.79601949301774,
        98.91477947499898,
        99.00077808264057,
        98.96801670830091,
        99.06493577405573,
        99.05401531594251,
        99.18369575603697,
        99.05265025867836,
        99.28880516537669,
        99.2000764432068,
        99.20417161499925,
        99.16185483981053,
        99.41439043367869,
        99.27378953547101,
        99.37889894481073,
        99.3515977995277,
        99.39664468924471,
        99.40346997556547,
        99.34067734141448,
        99.57683224811281,
        99.41029526188623,
        99.3256617115088,
        99.57273707632035
    ]
}