{
    "time": [
        16.891790628433228,
        34.73828196525574,
        50.8869891166687,
        66.46285223960876,
        82.79550552368164,
        99.12059235572815,
        115.31555986404419,
        131.42685389518738,
        147.48267030715942,
        168.3642439842224,
        183.7939624786377,
        199.72974634170532,
        214.60340785980225,
        231.92302083969116,
        247.9722650051117,
        264.37677478790283,
        280.4586205482483,
        296.41053223609924,
        312.1245861053467,
        329.31951355934143,
        346.7438280582428,
        362.2090013027191,
        379.56438064575195,
        395.31622076034546,
        412.15519404411316,
        425.3671407699585,
        440.6134476661682,
        458.2045292854309,
        473.2817449569702,
        490.3939881324768,
        507.82773756980896,
        524.6098403930664,
        540.7799859046936,
        554.8487191200256,
        571.8332583904266,
        590.9038896560669,
        608.4117903709412,
        624.8741683959961,
        640.4368193149567,
        654.7867832183838,
        670.7129426002502,
        686.683099269867,
        703.872848033905,
        719.2457420825958,
        735.5120446681976,
        752.110741853714,
        768.2896494865417,
        786.2577538490295,
        801.7257616519928,
        816.3505630493164
    ],
    "trainLoss": [
        1.5426396131515503,
        0.5337606072425842,
        0.3910192549228668,
        0.469394326210022,
        0.4743856191635132,
        0.2802509069442749,
        0.3010846972465515,
        0.054276566952466965,
        0.04954513534903526,
        0.49260279536247253,
        0.07334978133440018,
        0.05631231144070625,
        0.10657582432031631,
        0.05499119311571121,
        0.009000704623758793,
        0.29412728548049927,
        0.05730079859495163,
        0.025992807000875473,
        0.002855866914615035,
        0.015403825789690018,
        0.004121478646993637,
        0.000897798512596637,
        0.0009552664705552161,
        0.05076831206679344,
        0.12196262925863266,
        0.00270935520529747,
        0.0051076519303023815,
        0.008268840610980988,
        0.26607197523117065,
        0.01075822301208973,
        0.04228910803794861,
        0.00310381012968719,
        0.0004421145422384143,
        0.0013376869028434157,
        0.00029882355011068285,
        0.07228884100914001,
        0.0197745468467474,
        8.116410026559606e-05,
        0.03707084432244301,
        0.00021296244813129306,
        9.924422920448706e-05,
        0.0002436512295389548,
        0.00045106359175406396,
        0.0008833782048895955,
        0.17863599956035614,
        0.0031979090999811888,
        5.667353980243206e-05,
        4.0669659938430414e-05,
        0.0005179696599952877,
        0.03794596716761589
    ],
    "testLoss": [
        1.509788173213647,
        0.6451687124072956,
        0.4797149563246002,
        0.3839630274664205,
        0.38254455327254977,
        0.32269219701540713,
        0.32243657361237493,
        0.29917921255026114,
        0.31275845218745196,
        0.3185760360886586,
        0.325505905819584,
        0.3179594138391046,
        0.3515156585890307,
        0.3908252845018571,
        0.38675875098117674,
        0.38916204425551515,
        0.38962867059221135,
        0.43829483215106946,
        0.4356335456487073,
        0.41505624680850284,
        0.4344267883253889,
        0.4908795652758804,
        0.4576084240126185,
        0.44107111524641696,
        0.4354342734366747,
        0.45107125796345604,
        0.4832755418811463,
        0.4597605469040733,
        0.46664600454376165,
        0.44130722261603506,
        0.4795331333631669,
        0.48785946569929256,
        0.4730827862599472,
        0.4881653477974149,
        0.5099711860698941,
        0.46767825119027934,
        0.493066594874705,
        0.5116458405141239,
        0.5234496738548724,
        0.5319100411010067,
        0.5145695087875994,
        0.5246138563900545,
        0.538669502361464,
        0.47593130534898304,
        0.5495851671468575,
        0.544653124067779,
        0.5429624259728336,
        0.5124624582910802,
        0.49682984003349545,
        0.517592879695693
    ],
    "accTest": [
        43.411954517516904,
        79.12569145666872,
        85.16057160417947,
        88.24907805777505,
        88.57944068838353,
        90.3541794714198,
        90.51936078672404,
        91.329901659496,
        90.8458819913952,
        91.21850030731407,
        91.27612169637369,
        91.84849416103258,
        91.23386601106331,
        90.98417332513829,
        91.14935464044254,
        91.39136447449293,
        90.83435771358329,
        90.65765212046712,
        91.08789182544561,
        91.52965580823601,
        91.29532882606023,
        91.02642901044868,
        91.379840196681,
        91.99062692071297,
        91.31453595574678,
        91.5258143822987,
        91.25691456668716,
        91.38752304855562,
        91.63721573448063,
        92.03672403196066,
        90.8958205285802,
        91.49508297480024,
        91.72940995697603,
        91.77166564228642,
        91.99062692071297,
        91.56422864167179,
        91.94452980946528,
        91.62569145666872,
        91.45666871542717,
        91.36063306699447,
        92.14428395820529,
        91.5680700676091,
        91.84081130915796,
        91.88690842040566,
        91.329901659496,
        91.29917025199754,
        91.70636140135218,
        91.79855562384758,
        92.01751690227412,
        92.07513829133374
    ],
    "accTrain": [
        28.226654108139837,
        66.08651732940197,
        82.88900719385178,
        87.90559263961123,
        90.38453663131169,
        92.01987523376606,
        93.37810721159752,
        94.21488731452284,
        95.2823620950899,
        96.27339366886441,
        96.90405012490274,
        97.27125052895968,
        97.73536999877145,
        98.06434879943214,
        98.27729773263988,
        98.45885034877213,
        98.5939910179232,
        98.82741581009323,
        98.75233766056486,
        98.8683675280178,
        99.08950680481045,
        98.98303233820658,
        99.03080934245192,
        99.2423932183955,
        99.10588749198028,
        99.2423932183955,
        99.26696424915025,
        99.29563045169745,
        99.34067734141448,
        99.38299411660319,
        99.4225807772636,
        99.48127823962216,
        99.38572423113149,
        99.4744529533014,
        99.62324419509399,
        99.44442169349004,
        99.5399757019807,
        99.51540467122595,
        99.50994444216934,
        99.54407087377315,
        99.7283536044337,
        99.52496007207502,
        99.57273707632035,
        99.63279959594306,
        99.74063911981108,
        99.55089616009391,
        99.64781522584873,
        99.66692602754685,
        99.67375131386761,
        99.68740188650914
    ]
}