{
    "time": [
        12.922065019607544,
        25.96362829208374,
        39.23311924934387,
        51.786614179611206,
        64.00721597671509,
        77.44503569602966,
        91.01349210739136,
        103.29944682121277,
        115.79297208786011,
        129.23012137413025,
        141.88319897651672,
        155.49683737754822,
        168.02380633354187,
        180.59396719932556,
        194.28552103042603,
        209.03201580047607,
        222.4869999885559,
        235.26045608520508,
        247.89547777175903,
        261.0066747665405,
        275.2945022583008,
        289.25239849090576,
        302.91976523399353,
        315.722186088562,
        328.44823956489563,
        342.1646480560303,
        355.69294810295105,
        368.40940737724304,
        381.1655840873718,
        393.89898347854614,
        406.7774314880371,
        420.5713255405426,
        434.4004294872284,
        448.16786551475525,
        461.699759721756,
        475.4043221473694,
        489.05877208709717,
        501.8689708709717,
        515.6212694644928,
        528.1877353191376,
        541.1005222797394,
        553.7142570018768,
        566.399252653122,
        579.7489809989929,
        592.4158928394318,
        605.0342967510223,
        618.777421951294,
        631.5185647010803,
        645.8343863487244,
        658.2493784427643
    ],
    "trainLoss": [
        2.2002761363983154,
        1.6892374753952026,
        1.387726068496704,
        1.6795381307601929,
        1.3208873271942139,
        1.0517003536224365,
        1.0414855480194092,
        0.8030949831008911,
        0.7213428020477295,
        1.050826072692871,
        0.5049875974655151,
        0.5622938275337219,
        0.5769853591918945,
        0.3432873785495758,
        0.6659409999847412,
        0.7832217216491699,
        0.3323887288570404,
        0.5975592136383057,
        0.4580943286418915,
        0.27428150177001953,
        0.27125078439712524,
        0.30608707666397095,
        0.3841068148612976,
        0.19631552696228027,
        0.4877467155456543,
        0.3939194083213806,
        0.3022507131099701,
        0.2185572236776352,
        0.13652001321315765,
        0.17152836918830872,
        0.09907115250825882,
        0.2499760240316391,
        0.1354503184556961,
        0.1689780354499817,
        0.10292316973209381,
        0.05065379664301872,
        0.0656728595495224,
        0.18171149492263794,
        0.28302669525146484,
        0.22034268081188202,
        0.08642622828483582,
        0.2066746950149536,
        0.04411487281322479,
        0.2314046025276184,
        0.11751788854598999,
        0.028752850368618965,
        0.03229614719748497,
        0.01395275816321373,
        0.15833084285259247,
        0.04155395179986954
    ],
    "testLoss": [
        2.2209235521350523,
        1.773149777572435,
        1.5824005980394922,
        1.485035174744365,
        1.2429601227350593,
        1.0627217635686366,
        0.9694619767857828,
        0.9070889708009613,
        0.8805467175352991,
        0.8164108442835231,
        0.735658487368011,
        0.6690923295727375,
        0.6325319040459069,
        0.585298031770018,
        0.5492611746152046,
        0.555591443747044,
        0.544793773737874,
        0.5250005962369482,
        0.515420666338845,
        0.4876867275554561,
        0.4928997511063607,
        0.47813344954272025,
        0.4627056608334889,
        0.505153341240581,
        0.4647908465731855,
        0.46750820760134915,
        0.47862935901494136,
        0.49864851336722443,
        0.44842456730876,
        0.48055993638744954,
        0.4469760432885187,
        0.4629319161085095,
        0.477758244641661,
        0.5001812385648178,
        0.49277392764287853,
        0.5093954364141219,
        0.5090074586076977,
        0.4809860213079845,
        0.5227657100065545,
        0.5406662179563554,
        0.5383618787965968,
        0.5718079199436331,
        0.5524751104016061,
        0.5199389243756032,
        0.5707786410002893,
        0.5775794021615824,
        0.5738486411312129,
        0.5853981904332889,
        0.613415970711453,
        0.644996938488567
    ],
    "accTest": [
        19.587430854333128,
        34.799477566072525,
        41.610325752919486,
        45.76290719114935,
        56.273048555623845,
        62.91871542716657,
        66.41825445605409,
        69.39535955746773,
        70.64766441303011,
        73.05239704978489,
        76.48279041180086,
        78.85679164105716,
        79.86708666256915,
        81.56499692685925,
        82.77504609711124,
        82.48693915181315,
        82.82114320835895,
        83.68930547019053,
        83.66625691456669,
        85.00307314074985,
        84.9262446220037,
        85.44099569760294,
        85.72526121696373,
        84.93776889981561,
        86.19775660725261,
        86.01336816226183,
        85.53318992009834,
        85.51014136447449,
        86.7240319606638,
        86.10556238475722,
        87.39244007375538,
        87.0159803318992,
        86.58958205285802,
        86.05946527350953,
        86.72019053472648,
        86.48586355255071,
        86.40135218192994,
        87.48847572218807,
        86.73171481253841,
        86.28995082974801,
        86.82390903503381,
        86.61647203441917,
        86.70482483097726,
        87.84956976029503,
        86.55500921942225,
        87.20421020282728,
        87.57682851874615,
        86.89305470190534,
        85.62922556853104,
        86.46665642286416
    ],
    "accTrain": [
        18.821409558130963,
        24.996928621155657,
        36.39788689135509,
        42.39048828098339,
        49.909223691933875,
        59.90826815184897,
        64.89345728053291,
        68.49311328610236,
        71.2437036733691,
        74.38197032365508,
        77.38100113299753,
        79.97460993488677,
        81.66455082790723,
        83.41318918328624,
        84.68542255347612,
        85.52493277092974,
        86.55009077630807,
        87.39915639461076,
        88.2209208676304,
        88.77103894508375,
        89.49178918055613,
        89.88219555810366,
        90.4295835210287,
        90.83227541395361,
        91.2554431658408,
        91.81238652961491,
        92.40072621046453,
        92.8129735042385,
        92.88122636744612,
        93.40404329961642,
        93.88044828480555,
        94.11796824876804,
        94.31590155207012,
        94.78138607914602,
        95.09398419263688,
        95.35471013008996,
        95.59496020858074,
        95.96079555537355,
        96.08638082367555,
        96.09457116726047,
        96.66789521820441,
        96.77573474207243,
        96.83443220443098,
        97.07604734018592,
        97.07058711112931,
        97.47464406131837,
        97.72444954065823,
        97.56883301254487,
        97.91419250037539,
        97.67803759367706
    ]
}