{
    "time": [
        14.456541538238525,
        26.411381006240845,
        38.347514152526855,
        50.35699701309204,
        63.366379499435425,
        75.45580554008484,
        88.87912368774414,
        100.86431956291199,
        113.14334893226624,
        127.38821053504944,
        139.43099761009216,
        153.05593299865723,
        165.08170247077942,
        177.18237471580505,
        191.45187783241272,
        204.94924807548523,
        218.46836161613464,
        230.66444301605225,
        244.1540846824646,
        258.27002120018005,
        270.37140464782715,
        283.91304063796997,
        296.1759488582611,
        309.7463722229004,
        321.9778652191162,
        334.1670961380005,
        347.72021222114563,
        361.2326114177704,
        374.7665116786957,
        389.7497353553772,
        401.7769606113434,
        415.3008189201355,
        428.7385838031769,
        441.2929792404175,
        454.68519473075867,
        466.7012495994568,
        479.0936608314514,
        491.27120900154114,
        503.292359828949,
        516.8353755474091,
        530.3556258678436,
        542.4232473373413,
        554.4077897071838,
        566.4695999622345,
        581.5563683509827,
        595.0601470470428,
        608.6788311004639,
        622.2136657238007,
        635.6941945552826,
        647.9682204723358
    ],
    "trainLoss": [
        1.9126911163330078,
        1.1323518753051758,
        1.0390516519546509,
        1.194530963897705,
        1.2012592554092407,
        0.987743079662323,
        1.0812944173812866,
        0.7916439175605774,
        0.8181073069572449,
        1.002008080482483,
        1.0337892770767212,
        0.7682830095291138,
        0.8707238435745239,
        0.752983033657074,
        0.5728616118431091,
        1.377174973487854,
        0.9777674674987793,
        0.543243944644928,
        0.7428017854690552,
        0.7053611874580383,
        0.8946681022644043,
        0.7591865062713623,
        0.670274019241333,
        0.8353587985038757,
        0.620154619216919,
        0.718381404876709,
        0.7184047102928162,
        0.4415527880191803,
        0.3624228537082672,
        0.6636660099029541,
        0.6630807518959045,
        0.6803483963012695,
        0.6904921531677246,
        0.675975501537323,
        0.5549440383911133,
        0.40717291831970215,
        0.7336010336875916,
        0.8581599593162537,
        0.8022615313529968,
        0.38616323471069336,
        0.6578218340873718,
        0.5665623545646667,
        0.6902788281440735,
        0.7075203657150269,
        0.8808789849281311,
        0.518547773361206,
        0.4806324243545532,
        0.7765548229217529,
        0.6837257146835327,
        0.6522448658943176
    ],
    "testLoss": [
        1.8370351785520285,
        1.2870175502896675,
        1.1197066503429822,
        1.0827561257144902,
        1.04036368807914,
        0.9628888876363406,
        0.9464454451586178,
        0.9268838077069208,
        0.9528575890182935,
        0.9059212643014337,
        0.9007828237091609,
        0.8980456248484437,
        0.8961421260822017,
        0.9145609944161273,
        0.9120285653159452,
        0.9021887659074048,
        0.9200980450818343,
        0.9159627620178861,
        0.9260969824342546,
        0.9393122543494395,
        0.9264641159798517,
        0.9447638037458255,
        0.9425912140774155,
        0.9657667109624842,
        0.9608959849802496,
        0.9580129964555343,
        0.9713971279263863,
        0.9669108376154228,
        0.9940847398022896,
        0.9929239370373032,
        0.9772576810980986,
        1.00368482640131,
        1.009300683273006,
        1.0011969521211275,
        1.0334249249102516,
        1.0082866748418262,
        1.0427984789828983,
        0.9815326074038683,
        1.0572760897907802,
        1.0240563625342727,
        1.0363924252745118,
        1.0150833422960353,
        1.0355836578725524,
        1.055307401201076,
        1.0686728413587123,
        1.0717660098553583,
        1.072626015417548,
        1.0579544329980288,
        1.0601098213594387,
        1.0296303046284532
    ],
    "accTest": [
        34.004302397049784,
        52.55070682237246,
        57.736631837738166,
        59.32698217578365,
        59.926244622003686,
        62.288721573448065,
        62.91871542716657,
        63.302858020897354,
        62.7420098340504,
        63.78687768899815,
        63.89443761524278,
        64.17870313460357,
        64.07882606023355,
        63.748463429625076,
        63.82529194837124,
        64.08650891210817,
        63.96742470805163,
        64.29778733866011,
        64.32467732022127,
        63.95974185617701,
        64.41687154271666,
        64.28626306084819,
        64.17102028272895,
        63.90980331899201,
        64.18638598647819,
        64.25553165334972,
        64.11724031960664,
        63.97510755992624,
        63.71389059618931,
        63.89059618930547,
        64.06346035648433,
        64.42839582052858,
        63.98279041180086,
        64.18638598647819,
        63.675476336816224,
        64.26321450522434,
        64.09035033804548,
        64.59741856177013,
        64.28626306084819,
        64.21327596803934,
        64.61662569145666,
        64.45144437615242,
        64.47833435771358,
        64.41303011677935,
        64.27858020897357,
        63.917486170866624,
        64.0480946527351,
        64.08650891210817,
        64.05961893054702,
        64.47065150583897
    ],
    "accTrain": [
        22.051135045115142,
        41.086858593718006,
        53.353263169389955,
        58.43127619203626,
        60.560765524113734,
        61.91080715836029,
        62.74349208949315,
        63.50928921468255,
        63.984329142607535,
        64.54127250638165,
        64.90164762411783,
        65.44084524345796,
        65.78756978855263,
        66.09334261572273,
        66.42095635911926,
        66.5287958829873,
        66.93831306223296,
        67.05980315874251,
        67.25500634751627,
        67.4775106815731,
        67.57852491912035,
        67.80785453949794,
        67.8515363719508,
        67.93207475053579,
        68.04127933166797,
        68.06448530515856,
        68.23784757770588,
        68.26924389478138,
        68.36070273147959,
        68.34295698704561,
        68.40028939214,
        68.45352662544194,
        68.40165444940415,
        68.41257490751737,
        68.5545408629892,
        68.62279372619682,
        68.51768431685709,
        68.60095280997038,
        68.62961901251758,
        68.63098406978173,
        68.65555510053646,
        68.62006361166851,
        68.75520428081958,
        68.69104658940442,
        68.74428382270636,
        68.74564887997052,
        68.80707645685736,
        68.77295002525356,
        68.83847277393286,
        68.75520428081958
    ]
}