{
    "time": [
        15.823961734771729,
        30.98305106163025,
        46.30331230163574,
        61.74802374839783,
        76.96473455429077,
        91.6419472694397,
        106.00916194915771,
        122.29620003700256,
        139.04509925842285,
        154.92623138427734,
        170.90018439292908,
        185.00913834571838,
        200.98839473724365,
        215.3104350566864,
        230.1905062198639,
        246.02758312225342,
        260.43699312210083,
        275.0590274333954,
        291.31175780296326,
        306.3850471973419,
        321.5343818664551,
        336.9427704811096,
        351.51841926574707,
        366.80454301834106,
        382.7422409057617,
        396.2042992115021,
        411.0275909900665,
        428.4780361652374,
        445.5281009674072,
        461.04743814468384,
        476.7868366241455,
        493.08622908592224,
        509.6388010978699,
        525.7853646278381,
        540.7630763053894,
        557.1073741912842,
        573.1405873298645,
        589.04319190979,
        604.33975481987,
        617.7628858089447,
        634.175400018692,
        648.3507699966431,
        664.0561289787292,
        679.8481233119965,
        696.3617663383484,
        712.0493166446686,
        726.9698829650879,
        741.9980008602142,
        756.2172591686249,
        770.1782231330872
    ],
    "trainLoss": [
        2.2019591331481934,
        2.218136787414551,
        2.006742238998413,
        1.8890012502670288,
        2.1100234985351562,
        1.7604020833969116,
        1.8374513387680054,
        1.661710262298584,
        1.7214561700820923,
        1.889992117881775,
        1.5074068307876587,
        1.4381169080734253,
        1.2617757320404053,
        1.326081395149231,
        1.3197956085205078,
        1.4878512620925903,
        1.288709282875061,
        1.4102243185043335,
        1.261995792388916,
        1.142259955406189,
        1.152848720550537,
        0.8857491612434387,
        0.9574499130249023,
        0.8207876682281494,
        1.2030497789382935,
        0.8709262013435364,
        0.7407517433166504,
        0.9676838517189026,
        0.6334714889526367,
        0.911199152469635,
        0.7238439917564392,
        0.6475914716720581,
        0.5336613059043884,
        0.6055676341056824,
        0.45345640182495117,
        0.7881595492362976,
        0.7477074861526489,
        0.5348003506660461,
        0.830922544002533,
        0.38660117983818054,
        0.4664754271507263,
        0.47298017144203186,
        0.41805508732795715,
        0.5478642582893372,
        0.41614100337028503,
        0.3568548262119293,
        0.5339484214782715,
        0.4627852141857147,
        0.38755765557289124,
        0.43482092022895813
    ],
    "testLoss": [
        2.223605931427996,
        2.2217259210681504,
        1.9996810050265659,
        1.8643802040254842,
        1.7503551982558425,
        1.7286177918305776,
        1.6615533482903855,
        1.6248161559758483,
        1.647960576090845,
        1.5527201243976765,
        1.5101922568032253,
        1.532691700002791,
        1.4369296218693879,
        1.4503764555215395,
        1.3834217402124669,
        1.3219877405993106,
        1.2754229338680518,
        1.2147810876772458,
        1.1449825905845,
        1.0858984655885515,
        1.0497949162948037,
        1.0107936695007438,
        1.0044431610201208,
        0.9579743735249525,
        0.9613858453320373,
        0.9243954527795718,
        0.9243826335679555,
        0.8941351685995842,
        0.8746442718599644,
        0.8555981566294909,
        0.8254936044759815,
        0.8106950315582144,
        0.7965657645086606,
        0.7670218837576258,
        0.7843846073162358,
        0.748856110153714,
        0.718126570145338,
        0.724236857033831,
        0.7082526576834071,
        0.6865206239556123,
        0.6765709345371502,
        0.6728047462936992,
        0.6522953077995052,
        0.6372818105705838,
        0.6767995760495046,
        0.6260409680479644,
        0.6242829318711856,
        0.639912841506142,
        0.5889597882796594,
        0.5851039698904984
    ],
    "accTest": [
        19.587430854333128,
        19.587430854333128,
        28.89520590043024,
        32.63675476336816,
        36.240012292563,
        37.88030116779348,
        39.50906576521205,
        40.60771358328211,
        39.91241548862938,
        43.173786109403814,
        44.25322679778734,
        43.715427166564226,
        47.3340503995083,
        47.5760602335587,
        49.52366318377382,
        53.015519360786726,
        54.993853718500304,
        57.932544560540876,
        60.5639213275968,
        63.133835279655806,
        64.65119852489244,
        65.97649047326368,
        65.85356484326982,
        68.34665027658266,
        67.90872771972957,
        69.48371235402581,
        69.21481253841426,
        70.4479102642901,
        71.17393976644131,
        71.72326367547633,
        72.65673017824216,
        73.62476951444376,
        74.08574062692071,
        75.07298709280884,
        74.4237861094038,
        75.34956976029503,
        76.7939459127228,
        76.15242778119237,
        77.5238168408113,
        78.2921020282729,
        78.2921020282729,
        78.58789182544561,
        79.42532267977873,
        79.85940381069453,
        77.99247080516288,
        80.27427781192378,
        80.92732022126613,
        80.51628764597419,
        81.79932390903504,
        82.38706207744315
    ],
    "accTrain": [
        18.57569925058356,
        18.921058738414075,
        20.799377533887547,
        27.624663854648702,
        31.102829763708588,
        34.02268725173021,
        36.08801889239253,
        37.68513589145065,
        39.27269748965969,
        40.782450823812056,
        42.42188459805889,
        43.844274267305515,
        45.42091540740134,
        46.75594141174222,
        48.582388031177906,
        50.518039231745774,
        52.62022741854021,
        55.40630929467491,
        59.06193264807459,
        62.35854594100223,
        64.53035204826843,
        66.08105710034536,
        67.32052909619559,
        68.25832343666816,
        69.29440190015971,
        70.11343625865105,
        71.11129311874633,
        72.0982295207284,
        72.82443998525738,
        73.79499570006962,
        74.37104986554186,
        75.50950762384483,
        75.94086571931693,
        76.84316857092155,
        77.61852109696002,
        78.2792088128097,
        78.93580135686692,
        79.72207434101861,
        80.44691974828343,
        81.04071965818966,
        81.64953519800156,
        82.27746153951158,
        82.9572600570594,
        83.39953861064471,
        84.0602263264944,
        84.35371363828713,
        85.09084456092933,
        85.47852082394857,
        86.17060485687375,
        86.55691606262883
    ]
}