{
    "time": [
        17.357534408569336,
        32.492762327194214,
        49.45702028274536,
        65.3997745513916,
        79.22419786453247,
        95.23678374290466,
        110.80333042144775,
        126.01631784439087,
        142.30885004997253,
        156.9258041381836,
        172.86697959899902,
        188.16163682937622,
        202.37847256660461,
        217.87630319595337,
        235.68119382858276,
        250.79712796211243,
        265.7975811958313,
        283.03628635406494,
        297.78228425979614,
        313.2546980381012,
        329.9616668224335,
        346.45343255996704,
        364.0637254714966,
        379.3948712348938,
        395.9713063240051,
        413.78665041923523,
        430.9720649719238,
        446.2998540401459,
        461.05336904525757,
        475.7557215690613,
        492.472944021225,
        508.49620819091797,
        524.8500654697418,
        540.7700769901276,
        557.8676092624664,
        573.2280821800232,
        588.2343542575836,
        605.7853667736053,
        621.6613953113556,
        637.7833342552185,
        651.7616355419159,
        666.8074688911438,
        684.1532492637634,
        699.6565351486206,
        713.2813308238983,
        728.1953685283661,
        743.4974038600922,
        759.5889656543732,
        773.6875329017639,
        789.1121616363525
    ],
    "trainLoss": [
        1.4523652791976929,
        0.5825292468070984,
        0.34638532996177673,
        0.45353949069976807,
        0.46795016527175903,
        0.36331480741500854,
        0.3204110264778137,
        0.05864235758781433,
        0.07420432567596436,
        0.29007089138031006,
        0.09670571237802505,
        0.10666785389184952,
        0.013329081237316132,
        0.11162017285823822,
        0.04175844416022301,
        0.21004286408424377,
        0.025209659710526466,
        0.02733316272497177,
        0.01055607944726944,
        0.05180881544947624,
        0.0011275720316916704,
        0.004931460600346327,
        0.0019002611516043544,
        0.01087324507534504,
        0.12607252597808838,
        0.0765547975897789,
        0.004200835712254047,
        0.03540905937552452,
        0.002360100159421563,
        0.05078505724668503,
        0.0003181784995831549,
        0.006377088371664286,
        0.0005221579922363162,
        0.00017000528168864548,
        0.03349243849515915,
        0.12435662001371384,
        0.0006092556868679821,
        0.0012406749883666635,
        0.01843855530023575,
        0.0072733331471681595,
        0.002698291093111038,
        0.03401176258921623,
        0.059619612991809845,
        0.007570425979793072,
        0.04194016754627228,
        0.0003657675697468221,
        0.10668853670358658,
        0.003401848254725337,
        0.00019878028251696378,
        0.00023922948457766324
    ],
    "testLoss": [
        1.5589542330300508,
        0.6635960319251756,
        0.4917575054250763,
        0.40770061600772456,
        0.3341716949237807,
        0.30844989816469875,
        0.32864889075731163,
        0.30656649924233126,
        0.31689802883736695,
        0.29579227572946953,
        0.317200984263171,
        0.33073684139052417,
        0.3340429201694669,
        0.3511409478167046,
        0.4039059517642949,
        0.36205397080114887,
        0.4022123932325554,
        0.41186848519107794,
        0.4467070209664953,
        0.47366975257934496,
        0.45260581020643614,
        0.4390912914686432,
        0.4731090676953035,
        0.4481505556346891,
        0.4415127145196297,
        0.4818380627810918,
        0.4464567051977194,
        0.5270942343329094,
        0.46121432521845857,
        0.4409537593792316,
        0.4491582324186863,
        0.4964455731748875,
        0.5249929855993795,
        0.5275358089876087,
        0.5566812637179046,
        0.47564924224872274,
        0.5185672798696,
        0.4968424857432079,
        0.5413641481217828,
        0.5362174345367,
        0.5409853371946667,
        0.5065206974360132,
        0.47415595884035905,
        0.5190184528137469,
        0.5190520213290674,
        0.5521011715955213,
        0.5532116025374869,
        0.5198942622892243,
        0.4929500854154562,
        0.5480772802708115
    ],
    "accTest": [
        41.779348494161034,
        78.5840503995083,
        84.89935464044254,
        87.31177012907192,
        90.23125384142594,
        90.90734480639213,
        90.43869084204057,
        91.07252612169637,
        90.73832206515058,
        91.7639827904118,
        91.36831591886909,
        91.19545175169023,
        91.48740012292564,
        91.72172710510141,
        90.41948371235402,
        91.44514443761524,
        90.89966195451751,
        91.11478180700676,
        90.86893054701905,
        90.3080823601721,
        91.26459741856176,
        91.06484326982176,
        91.00722188076215,
        91.57959434542101,
        91.62569145666872,
        91.54502151198525,
        91.94068838352797,
        90.77289489858636,
        91.52965580823601,
        91.82928703134604,
        91.63337430854334,
        91.7140442532268,
        91.21465888137676,
        91.95221266133989,
        91.56422864167179,
        91.57959434542101,
        91.56422864167179,
        91.78703134603565,
        91.97141979102643,
        91.11862323294407,
        91.03027043638599,
        91.46051014136448,
        91.86770129071911,
        91.69099569760294,
        91.75245851259987,
        91.69483712354025,
        91.41441303011678,
        91.87154271665642,
        91.66410571604179,
        92.24031960663798
    ],
    "accTrain": [
        29.068894440121763,
        67.51436722770521,
        84.3373329511173,
        88.50212266404576,
        90.79132369602905,
        92.17685681914357,
        93.5473743123524,
        94.4701530229193,
        95.25779106433515,
        96.08092059461895,
        96.65424464556288,
        97.31766247594086,
        97.59340404329961,
        97.89781181320556,
        98.18174372414923,
        98.4424696616023,
        98.53119838377219,
        98.69500525547046,
        98.8397013254706,
        98.90658913141407,
        98.86017718443289,
        99.07585623216895,
        99.09496703386706,
        99.11544289282935,
        99.18369575603697,
        99.22874264575398,
        99.25194861924457,
        99.48264329688631,
        99.23147276028229,
        99.46216743792402,
        99.33658216962202,
        99.4512469798108,
        99.37343871575412,
        99.46216743792402,
        99.53861064471654,
        99.44442169349004,
        99.53861064471654,
        99.54407087377315,
        99.58775270622603,
        99.51267455669765,
        99.53042030113163,
        99.64098993952797,
        99.52496007207502,
        99.61505385150907,
        99.63689476773551,
        99.68467177198083,
        99.67511637113176,
        99.64781522584873,
        99.66692602754685,
        99.74200417707523
    ]
}