{
    "time": [
        18.553776502609253,
        35.44469594955444,
        51.17747735977173,
        69.63029289245605,
        86.21407723426819,
        103.39356350898743,
        121.85227704048157,
        139.01651167869568,
        156.6991581916809,
        174.19383335113525,
        192.0578007698059,
        209.01884603500366,
        225.45373129844666,
        242.60966539382935,
        260.74564814567566,
        278.67849040031433,
        295.8844804763794,
        311.83032989501953,
        328.99115657806396,
        345.25675916671753,
        364.05139231681824,
        382.8568081855774,
        398.5966730117798,
        416.62972021102905,
        434.7567780017853,
        450.8755295276642,
        469.3085501194,
        487.63846015930176,
        503.9898545742035,
        519.773020029068,
        536.8912978172302,
        556.8671717643738,
        573.5407702922821,
        590.8547649383545,
        606.5726029872894,
        623.3399245738983,
        640.679524898529,
        659.3541736602783,
        676.3475613594055,
        694.0868480205536,
        712.3926348686218,
        727.6709356307983,
        744.3226718902588,
        760.5414011478424,
        778.3091056346893,
        795.8051271438599,
        812.3462777137756,
        829.6110982894897,
        845.9627327919006,
        862.2174499034882
    ],
    "trainLoss": [
        1.7863743305206299,
        0.7438193559646606,
        0.37725943326950073,
        0.4418834447860718,
        0.5242829918861389,
        0.32609906792640686,
        0.32893136143684387,
        0.048393361270427704,
        0.19083721935749054,
        0.15306814014911652,
        0.09171436727046967,
        0.05856994166970253,
        0.03657442331314087,
        0.05588557571172714,
        0.07523050159215927,
        0.3735939860343933,
        0.05213126912713051,
        0.02925259619951248,
        0.17708973586559296,
        0.0028214140329509974,
        0.0013905459782108665,
        0.0007884014630690217,
        0.03944241255521774,
        0.026018794625997543,
        0.05255095660686493,
        0.004231944680213928,
        0.0025387443602085114,
        0.0017960635013878345,
        0.0010168319568037987,
        0.010267837904393673,
        0.0009521851316094398,
        0.008471961133182049,
        0.0006750583415850997,
        0.0025516704190522432,
        0.004646883346140385,
        0.19554345309734344,
        0.038579311221838,
        0.0005522659048438072,
        0.07812734693288803,
        0.00023654219694435596,
        0.021853091195225716,
        0.002757848473265767,
        0.0029931864701211452,
        0.00038656959077343345,
        0.15911497175693512,
        0.00011624432227108628,
        0.0007880521006882191,
        0.12022578716278076,
        0.0025060614570975304,
        0.0006119788158684969
    ],
    "testLoss": [
        1.6870281029568175,
        0.7566401277060295,
        0.4769867473243568,
        0.4229796948283453,
        0.3900043057310999,
        0.33964373864641056,
        0.3237139356597919,
        0.3020419060414601,
        0.3049449609992104,
        0.29902098291698376,
        0.3329256816223932,
        0.32208644090874033,
        0.3446212233981254,
        0.35883654621970673,
        0.41629572213611943,
        0.38689923183860847,
        0.40456760303330846,
        0.40903950206472894,
        0.44228401078574114,
        0.43425292476379734,
        0.43211232157814483,
        0.4976279054159904,
        0.46931093810303637,
        0.45733054899041026,
        0.4424790503719356,
        0.46122504775335105,
        0.44296377190213004,
        0.5166021797213001,
        0.504187055211457,
        0.5391876634528612,
        0.5372940888782917,
        0.4769299248646723,
        0.49010885750947003,
        0.49420421872317755,
        0.44208104638285484,
        0.4818178316384792,
        0.5218443381104941,
        0.4881928748123178,
        0.49596680229107293,
        0.4874956914084633,
        0.49328450740446106,
        0.5282131551450648,
        0.5275390246343817,
        0.4945541943372505,
        0.513091838205967,
        0.5349700191523593,
        0.49726018864608795,
        0.5576915383412198,
        0.4788536711858692,
        0.4995525819653005
    ],
    "accTest": [
        38.16840811309158,
        75.53779963122311,
        85.45251997541487,
        86.84695759065765,
        88.06468961278426,
        89.71650276582668,
        90.52704363859864,
        91.21081745543945,
        91.14167178856792,
        91.59496004917025,
        91.21081745543945,
        91.58343577135832,
        91.36447449293178,
        91.3721573448064,
        90.73832206515058,
        91.61416717885679,
        90.9419176398279,
        91.48740012292564,
        91.18776889981561,
        91.39136447449293,
        91.54502151198525,
        90.47710510141364,
        90.91886908420406,
        91.5181315304241,
        91.77166564228642,
        91.29148740012293,
        91.4259373079287,
        91.45282728948986,
        91.18776889981561,
        91.19929317762754,
        91.35679164105716,
        92.04056545789797,
        91.67947141979103,
        91.6180086047941,
        92.23263675476336,
        92.02519975414874,
        91.80623847572218,
        91.88690842040566,
        91.76782421634911,
        92.12123540258143,
        92.14812538414259,
        91.96757836508912,
        92.07513829133374,
        92.13275968039336,
        91.66410571604179,
        92.46696373693915,
        91.99062692071297,
        91.56422864167179,
        91.96757836508912,
        91.8561770129072
    ],
    "accTrain": [
        24.29528918738141,
        57.08942490137461,
        81.42430074941643,
        87.33909387498805,
        90.21526953055681,
        91.84378284669042,
        93.42042398678625,
        94.32682201018332,
        95.28099703782574,
        96.08911093820386,
        96.79211542924226,
        97.43778751518626,
        97.6398159902808,
        98.04660305499816,
        98.23225084292287,
        98.46294552056459,
        98.66770411018742,
        98.8001146648102,
        98.88747832971593,
        98.88884338698008,
        99.07312611764064,
        99.08950680481045,
        99.0512852014142,
        99.20690172952756,
        99.30791596707482,
        99.25467873377288,
        99.28334493632008,
        99.41575549094284,
        99.4225807772636,
        99.479913182358,
        99.42667594905606,
        99.38162905933903,
        99.4457867507542,
        99.50038904132029,
        99.46626260971648,
        99.60822856518831,
        99.55089616009391,
        99.51949984301841,
        99.55226121735807,
        99.5713720190562,
        99.64918028311288,
        99.64235499679212,
        99.61505385150907,
        99.61778396603738,
        99.61095867971662,
        99.70514763094312,
        99.69832234462235,
        99.62324419509399,
        99.70651268820727,
        99.70105245915066
    ]
}