{
    "time": [
        16.85183095932007,
        31.22530508041382,
        47.003085136413574,
        61.33415341377258,
        76.52949261665344,
        93.60834121704102,
        109.48812508583069,
        126.37129712104797,
        142.44513654708862,
        158.01776957511902,
        175.0401976108551,
        190.96094489097595,
        205.55426836013794,
        221.15289998054504,
        238.3133728504181,
        252.1303906440735,
        266.4744348526001,
        283.5177218914032,
        298.94716334342957,
        314.4502639770508,
        330.58809781074524,
        347.7379820346832,
        363.87064003944397,
        379.51468420028687,
        396.924608707428,
        411.31000804901123,
        425.5076229572296,
        441.81284046173096,
        460.07141304016113,
        475.0049171447754,
        489.0788309574127,
        502.95679807662964,
        519.7555508613586,
        535.9098813533783,
        553.299595117569,
        570.4970955848694,
        586.1036951541901,
        602.0243928432465,
        618.6653003692627,
        633.5960614681244,
        649.8288509845734,
        665.1312263011932,
        682.8576164245605,
        698.0653595924377,
        716.252326965332,
        731.8309659957886,
        747.7729105949402,
        764.018274307251,
        780.5359327793121,
        796.136070728302
    ],
    "trainLoss": [
        1.4827953577041626,
        0.5448204874992371,
        0.36244523525238037,
        0.45983976125717163,
        0.5568172931671143,
        0.29617875814437866,
        0.35802358388900757,
        0.028399715200066566,
        0.061143867671489716,
        0.28993067145347595,
        0.09846162796020508,
        0.13011489808559418,
        0.0098751625046134,
        0.014771967194974422,
        0.09662976861000061,
        0.2138100415468216,
        0.03852512314915657,
        0.07209890335798264,
        0.08877654373645782,
        0.01817438378930092,
        0.008893299847841263,
        0.05212840810418129,
        0.17374958097934723,
        0.007708963938057423,
        0.07362767308950424,
        0.04452003911137581,
        0.0150523129850626,
        0.0027050490025430918,
        0.0016332881059497595,
        0.0003003523452207446,
        0.007417524233460426,
        0.00833175890147686,
        0.006002331152558327,
        0.0007219428080134094,
        0.0004388017987366766,
        0.04210459440946579,
        0.007111388724297285,
        0.0001118987929658033,
        0.06370601058006287,
        0.0005688844248652458,
        0.005272231064736843,
        0.003127363510429859,
        0.0011368724517524242,
        0.0012725621927529573,
        0.004383586812764406,
        0.00011977899703197181,
        0.00046314625069499016,
        0.0004299385764170438,
        0.0005340126226656139,
        0.008828984573483467
    ],
    "testLoss": [
        1.506466852057984,
        0.6713535118923645,
        0.47992633732829126,
        0.4230851833997655,
        0.35931824201737433,
        0.31178600244457616,
        0.30576564903704756,
        0.3102888624288586,
        0.3096642696425163,
        0.30558036746756023,
        0.2986952351439417,
        0.33545153582103426,
        0.34779258849947603,
        0.36307009466601503,
        0.3734858318861086,
        0.38279487197210105,
        0.38392001540659393,
        0.4053888953970339,
        0.42728233630479884,
        0.42377809900847696,
        0.45887359755128604,
        0.4192061438909248,
        0.45406483929803493,
        0.43624471782832036,
        0.4897495802004204,
        0.4598828065446644,
        0.4672819757725318,
        0.47025212262698163,
        0.4505539356599795,
        0.47191505690037144,
        0.4714210928768634,
        0.46779414635900346,
        0.5073778507675799,
        0.48343214493407455,
        0.49938176758243913,
        0.49717631278480573,
        0.5097707860954861,
        0.5086213019851094,
        0.43882544903793286,
        0.5215792500613727,
        0.504863332808201,
        0.5160953759707478,
        0.5490707592064424,
        0.5070349992823586,
        0.5448405887718646,
        0.5151451793124358,
        0.5112296504775072,
        0.4845630602376477,
        0.5155204223135753,
        0.5058113659681098
    ],
    "accTest": [
        44.24170251997541,
        77.87722802704364,
        85.43715427166565,
        86.90073755377996,
        89.42839582052858,
        90.82667486170867,
        91.19161032575292,
        90.9918561770129,
        91.19929317762754,
        91.379840196681,
        91.97910264290104,
        91.4220958819914,
        91.41057160417947,
        91.5219729563614,
        90.91502765826675,
        91.27228027043638,
        91.49508297480024,
        91.74093423478796,
        91.35295021511985,
        91.48355869698833,
        90.90350338045482,
        91.92148125384142,
        91.5219729563614,
        91.69483712354025,
        91.00338045482484,
        91.71020282728949,
        91.44898586355255,
        91.38368162261831,
        91.41825445605409,
        91.89459127228027,
        91.8561770129072,
        91.31453595574678,
        91.4220958819914,
        91.74861708666256,
        91.9061155500922,
        91.70636140135218,
        91.25691456668716,
        91.33758451137062,
        92.1980639213276,
        91.99446834665028,
        91.76014136447449,
        92.21727105101414,
        92.2480024585126,
        92.09434542102028,
        91.9560540872772,
        92.04824830977259,
        91.89459127228027,
        91.81007990165949,
        91.62185003073141,
        91.78318992009834
    ],
    "accTrain": [
        28.49830050370613,
        65.44494041525041,
        83.48553721828631,
        88.42021922819663,
        90.72716600461389,
        92.34066369084184,
        93.61016694650341,
        94.57389737499489,
        95.45435931037306,
        96.28431412697762,
        96.83852737622344,
        97.336773277639,
        97.68622793726196,
        98.11895108999822,
        98.0684439712246,
        98.47386597867781,
        98.48342137952687,
        98.71548111443275,
        98.81649535198001,
        98.8369712109423,
        98.98166728094243,
        98.94344567754618,
        99.10861760650859,
        99.04172980056514,
        99.23829804660305,
        99.21782218764078,
        99.3515977995277,
        99.34340745594278,
        99.33931228415032,
        99.27651964999932,
        99.44715180801835,
        99.37616883028242,
        99.51540467122595,
        99.44988192254665,
        99.52769018660332,
        99.49629386952783,
        99.43077112084852,
        99.5713720190562,
        99.4771830678297,
        99.65600556943363,
        99.542705816509,
        99.5686419045279,
        99.63825982499966,
        99.59867316433925,
        99.67784648566007,
        99.62051408056568,
        99.59594304981094,
        99.6914970583016,
        99.67921154292422,
        99.69286211556575
    ]
}