{
    "time": [
        10.326554536819458,
        20.022022485733032,
        29.561715126037598,
        39.12843561172485,
        48.70323038101196,
        59.0241641998291,
        68.67991733551025,
        78.75953340530396,
        89.12327599525452,
        98.83075046539307,
        108.53215074539185,
        118.5680410861969,
        128.2967188358307,
        138.04403042793274,
        147.7866244316101,
        157.5418837070465,
        167.29623675346375,
        177.0757303237915,
        187.04144072532654,
        196.78392243385315,
        207.25393438339233,
        217.07628273963928,
        226.8728928565979,
        237.04832696914673,
        246.86959600448608,
        257.0435678958893,
        266.9116213321686,
        277.1480429172516,
        286.98766684532166,
        297.36533093452454
    ],
    "trainLoss": [
        1.454424500465393,
        1.1394069194793701,
        1.1414902210235596,
        1.074978232383728,
        0.8813368678092957,
        0.9106464385986328,
        0.7142496705055237,
        0.8697538375854492,
        0.8149757385253906,
        0.8958380818367004,
        0.8301676511764526,
        0.7555246949195862,
        0.785868763923645,
        0.728441059589386,
        0.7196682095527649,
        0.49624913930892944,
        0.5044247508049011,
        0.35847383737564087,
        0.46778616309165955,
        0.4790371060371399,
        0.5190197825431824,
        0.46450677514076233,
        0.4493706226348877,
        0.32533496618270874,
        0.4022110402584076,
        0.47327327728271484,
        0.3107451796531677,
        0.25517264008522034,
        0.21144309639930725,
        0.1793946772813797
    ],
    "testLoss": [
        1.4940619873046874,
        1.3274010375976562,
        1.2454405395507813,
        1.2183949035644532,
        1.0553194885253907,
        1.0138896606445313,
        0.9483894348144531,
        0.9251573791503906,
        0.8825361999511718,
        0.8524986633300782,
        0.8138851379394532,
        0.7897325378417969,
        0.8210462829589844,
        0.7816072326660156,
        0.7128364868164062,
        0.7596437133789062,
        0.7202548828125,
        0.6960573181152344,
        0.690174609375,
        0.7416818420410156,
        0.6977522521972657,
        0.6632140258789062,
        0.6734923522949219,
        0.678146728515625,
        0.6680221435546875,
        0.7444740356445313,
        0.82619912109375,
        0.7614423767089844,
        0.7818721801757812,
        0.7654289245605469
    ],
    "accTest": [
        45.49,
        52.4,
        55.29,
        55.36,
        61.55,
        63.59,
        65.94,
        67.2,
        68.9,
        69.95,
        71.24,
        72.73,
        71.11,
        72.55,
        75.46,
        73.99,
        75.54,
        76.85,
        76.73,
        75.9,
        77.32,
        77.83,
        78.11,
        79.21,
        78.61,
        78.2,
        75.57,
        78.4,
        78.11,
        79.3
    ],
    "accTrain": [
        35.79,
        47.91,
        53.698,
        57.878,
        61.762,
        64.876,
        66.776,
        69.09,
        71.194,
        72.844,
        74.062,
        75.602,
        76.634,
        78.274,
        79.308,
        80.454,
        81.818,
        82.654,
        83.95,
        84.65,
        86.014,
        87.038,
        87.758,
        88.992,
        89.914,
        90.546,
        91.606,
        92.524,
        92.982,
        93.498
    ]
}