{
    "time": [
        10.077497959136963,
        19.75698757171631,
        29.395519018173218,
        39.64827370643616,
        49.42954397201538,
        59.91085481643677,
        69.58945560455322,
        79.27006649971008,
        88.94655585289001,
        100.17602324485779,
        109.8660819530487,
        121.10835337638855,
        131.11264824867249,
        141.55903482437134,
        151.88539457321167,
        162.2273392677307,
        171.95275402069092,
        183.17295622825623,
        193.73093700408936,
        204.2091965675354,
        214.66063857078552,
        225.14402270317078,
        234.8788721561432,
        244.9813425540924,
        255.41406917572021,
        266.00200033187866,
        276.61080050468445,
        287.1098828315735,
        296.84014201164246,
        307.18141174316406,
        317.67872428894043,
        327.4611825942993,
        337.98467111587524,
        348.3884060382843,
        358.1551854610443,
        369.31360149383545,
        379.1516785621643,
        389.59287333488464,
        399.3486821651459,
        409.1086120605469,
        419.69190788269043,
        430.07974886894226,
        440.50941801071167,
        451.00892639160156,
        461.4384744167328,
        471.171982049942,
        481.598801612854,
        492.6228611469269,
        502.429669380188,
        512.8476762771606
    ],
    "trainLoss": [
        1.3530795574188232,
        1.3522186279296875,
        1.2250611782073975,
        1.0721232891082764,
        1.206069827079773,
        0.9224354028701782,
        0.8797116279602051,
        0.8676729202270508,
        0.754409670829773,
        0.6794684529304504,
        0.6559240818023682,
        0.7134935855865479,
        0.7539564371109009,
        0.7935546636581421,
        0.5300543308258057,
        0.34479445219039917,
        0.7040930986404419,
        0.5727923512458801,
        0.537804126739502,
        0.43206658959388733,
        0.4153524935245514,
        0.35268086194992065,
        0.25016599893569946,
        0.35520055890083313,
        0.22016401588916779,
        0.29294365644454956,
        0.26768699288368225,
        0.19823336601257324,
        0.10724512487649918,
        0.12668007612228394,
        0.09407579898834229,
        0.1881103217601776,
        0.10384448617696762,
        0.08604557812213898,
        0.07545437663793564,
        0.07080458849668503,
        0.2536489963531494,
        0.0831441879272461,
        0.0831078439950943,
        0.08762918412685394,
        0.08480195701122284,
        0.03989702835679054,
        0.09914090484380722,
        0.08957795798778534,
        0.08582071214914322,
        0.06506715714931488,
        0.015473665669560432,
        0.049074843525886536,
        0.05929982662200928,
        0.02132483571767807
    ],
    "testLoss": [
        1.4991554443359374,
        1.3492141357421874,
        1.213490087890625,
        1.2055222717285157,
        1.0509073120117187,
        1.0004869201660156,
        0.9520027587890625,
        0.9231840942382813,
        0.8352270263671875,
        0.8197787170410156,
        0.8525302978515625,
        0.7583796630859375,
        0.7550778137207032,
        0.7217086730957031,
        0.7673046508789062,
        0.7193149169921875,
        0.7423800964355469,
        0.7711999877929687,
        0.68280458984375,
        0.6863575378417969,
        0.6496001342773438,
        0.6950658935546875,
        0.6931302978515625,
        0.7387044494628906,
        0.7257146667480469,
        0.7524243713378906,
        0.7411735473632812,
        0.7490728881835937,
        0.7666935363769531,
        0.7941671081542969,
        0.8705008544921875,
        0.8200271728515625,
        0.8515157409667968,
        0.886251904296875,
        0.9657410217285156,
        0.9309310791015625,
        1.138717724609375,
        1.0456754638671875,
        1.2599148559570312,
        1.12841337890625,
        1.0489409545898438,
        1.1975983276367188,
        1.139623583984375,
        1.2231489501953126,
        0.9822565063476563,
        1.0947912048339843,
        1.2538268676757813,
        1.2154497436523437,
        1.2855980529785156,
        1.1758651977539063
    ],
    "accTest": [
        44.9,
        50.71,
        56.04,
        56.66,
        62.52,
        64.05,
        66.54,
        66.63,
        70.81,
        71.13,
        69.72,
        73.54,
        73.72,
        74.7,
        73.94,
        75.26,
        75.03,
        74.77,
        76.51,
        76.83,
        78.14,
        76.54,
        78.14,
        77.15,
        78.17,
        77.6,
        78.05,
        78.62,
        79.09,
        78.26,
        78.89,
        78.84,
        78.73,
        78.7,
        78.51,
        79.17,
        77.99,
        79.15,
        75.6,
        78.88,
        78.85,
        78.85,
        77.41,
        78.39,
        79.63,
        78.29,
        78.83,
        78.55,
        79.14,
        79.28
    ],
    "accTrain": [
        35.814,
        48.232,
        54.072,
        58.094,
        61.738,
        65.196,
        67.348,
        69.538,
        71.09,
        72.702,
        73.902,
        75.608,
        76.66,
        78.31,
        79.03,
        80.268,
        81.522,
        82.6,
        83.898,
        85.084,
        85.968,
        86.902,
        87.908,
        88.726,
        89.736,
        90.586,
        91.394,
        92.578,
        93.264,
        93.608,
        94.802,
        94.978,
        95.706,
        96.078,
        96.794,
        97.298,
        97.208,
        97.646,
        97.588,
        97.844,
        97.928,
        98.098,
        98.476,
        98.458,
        97.916,
        98.742,
        98.822,
        98.94,
        99.078,
        98.368
    ]
}