{
    "time": [
        10.452416896820068,
        20.214882135391235,
        29.753199577331543,
        39.6057391166687,
        49.492507457733154,
        59.25228190422058,
        68.95421266555786,
        78.54641032218933,
        88.17238068580627,
        97.81109404563904,
        107.50453662872314,
        117.42489838600159,
        127.13519835472107,
        137.32774305343628,
        147.07622122764587,
        157.48145484924316,
        167.87596940994263,
        178.29805994033813,
        188.55857467651367,
        198.257385969162,
        208.4494264125824,
        218.1665439605713,
        230.07383918762207,
        240.3414945602417,
        250.71887755393982,
        261.21132731437683,
        271.22022891044617,
        281.68286991119385,
        291.6761453151703,
        301.6586022377014,
        311.368203163147,
        321.11512327194214,
        330.8478057384491,
        341.1708707809448,
        350.90818452835083,
        360.68444633483887,
        371.2224519252777,
        380.9560897350311,
        391.013498544693,
        401.3573615550995,
        411.1238613128662,
        420.9097726345062,
        430.63814663887024,
        440.9908540248871,
        451.48372626304626,
        461.51978754997253,
        471.62986636161804,
        481.6361436843872,
        492.245365858078,
        502.43780517578125
    ],
    "trainLoss": [
        1.4546458721160889,
        1.1423659324645996,
        1.146043300628662,
        1.0764702558517456,
        0.884684681892395,
        0.9013172388076782,
        0.7078568935394287,
        0.8921250104904175,
        0.8157981634140015,
        0.8979193568229675,
        0.8394054174423218,
        0.775456428527832,
        0.7962813377380371,
        0.7367377281188965,
        0.7242724299430847,
        0.48269858956336975,
        0.5091249346733093,
        0.35571640729904175,
        0.46272626519203186,
        0.4757715165615082,
        0.5124107003211975,
        0.44160714745521545,
        0.44692596793174744,
        0.3520461916923523,
        0.39492571353912354,
        0.38729801774024963,
        0.3181307315826416,
        0.23030777275562286,
        0.23286311328411102,
        0.1323316991329193,
        0.17791013419628143,
        0.11856891959905624,
        0.05488230660557747,
        0.08501409739255905,
        0.12569622695446014,
        0.10590566694736481,
        0.16178099811077118,
        0.06860192120075226,
        0.020187173038721085,
        0.151909738779068,
        0.050606586039066315,
        0.024443794041872025,
        0.15661180019378662,
        0.02943083643913269,
        0.026510030031204224,
        0.04719385504722595,
        0.013107292354106903,
        0.13186445832252502,
        0.09413351863622665,
        0.13075318932533264
    ],
    "testLoss": [
        1.493594482421875,
        1.3281706298828124,
        1.2489046264648438,
        1.2198564453125,
        1.0497240112304687,
        1.0147558837890625,
        0.9485764099121093,
        0.9288288269042969,
        0.8761963134765625,
        0.8510057739257813,
        0.818099462890625,
        0.7838453308105469,
        0.8101497192382813,
        0.7864715698242187,
        0.7162513977050782,
        0.7539706604003906,
        0.7232533752441406,
        0.684616064453125,
        0.6928232604980469,
        0.7466806823730469,
        0.6933394653320313,
        0.6718702514648438,
        0.676457275390625,
        0.6863119750976563,
        0.6710581604003907,
        0.7377977172851562,
        0.8087671325683594,
        0.7444386779785156,
        0.7844729125976563,
        0.7870537658691407,
        0.80559609375,
        0.8486670959472656,
        0.9072125732421875,
        0.9171214172363281,
        1.1716462890625,
        1.2800391845703125,
        1.0739407043457032,
        1.0211837463378906,
        1.1499485534667968,
        1.1533236938476563,
        1.086327911376953,
        1.0540473388671876,
        1.0346111022949218,
        1.1321288269042968,
        1.3311383056640624,
        1.3087348388671876,
        1.2552803039550782,
        1.3850049926757813,
        1.229602490234375,
        1.398520166015625
    ],
    "accTest": [
        45.49,
        52.39,
        55.09,
        55.29,
        61.91,
        63.38,
        65.86,
        67.14,
        68.95,
        70.17,
        71.11,
        72.69,
        71.61,
        72.61,
        75.54,
        73.96,
        75.39,
        77.33,
        76.73,
        75.86,
        77.16,
        77.73,
        77.85,
        78.58,
        78.44,
        77.78,
        76.19,
        78.67,
        78.21,
        79.31,
        78.7,
        78.47,
        78.13,
        79.31,
        76.73,
        76.2,
        78.68,
        79.38,
        78.85,
        78.73,
        79.38,
        79.01,
        76.0,
        79.35,
        79.05,
        76.74,
        79.25,
        76.63,
        78.66,
        77.35
    ],
    "accTrain": [
        35.826,
        47.946,
        53.74,
        57.81,
        61.668,
        64.746,
        66.786,
        69.09,
        71.308,
        72.684,
        74.084,
        75.53,
        76.61,
        78.274,
        79.37,
        80.434,
        81.886,
        82.66,
        84.022,
        84.482,
        85.946,
        87.04,
        87.862,
        88.922,
        89.762,
        90.53,
        91.62,
        92.496,
        93.08,
        93.726,
        94.934,
        95.188,
        95.896,
        96.468,
        96.522,
        97.124,
        97.324,
        97.42,
        97.74,
        97.958,
        97.586,
        98.528,
        98.002,
        98.558,
        98.708,
        98.394,
        98.78,
        98.688,
        98.274,
        98.662
    ]
}