{"time": [11.615072011947632, 22.807448625564575, 33.972169160842896, 45.13978409767151, 56.312260389328, 67.49601697921753, 78.68478178977966, 89.85339975357056, 101.04620337486267, 112.20670104026794, 123.3747148513794, 134.60076665878296, 145.80014991760254, 157.0027050971985, 168.197274684906, 179.33561491966248, 190.43495917320251, 201.46516060829163, 212.49324655532837, 223.51568627357483, 234.53063368797302, 245.54277873039246, 256.52639532089233, 267.5035169124603, 278.43293833732605, 289.4032163619995, 300.3758339881897, 311.3412036895752, 322.36724519729614, 333.3463325500488], "acc": [87.99, 90.99, 92.64, 93.67, 94.59, 95.14, 95.66, 96.09, 96.42, 96.73, 96.96, 97.11, 97.22, 97.31, 97.45, 97.55, 97.59, 97.62, 97.66, 97.72, 97.79, 97.84, 97.92, 97.93, 97.93, 97.97, 98.0, 98.06, 98.06, 98.07]}