{"time": [10.474283218383789, 21.05657982826233, 31.598752975463867, 42.14954161643982, 52.71745705604553, 63.275203227996826, 73.82132244110107, 84.34773921966553, 94.81040859222412, 105.26733613014221, 115.79111003875732, 126.32003402709961, 136.6527943611145, 147.03409671783447, 157.42247533798218, 167.81627488136292, 178.20244574546814, 188.56362199783325, 198.9189817905426, 209.25785088539124, 219.58674693107605, 229.9380271434784, 240.2810616493225, 250.61471819877625, 260.9538195133209, 271.30297803878784, 281.6329975128174, 291.97972202301025, 302.35362672805786, 312.6839532852173], "acc": [87.99, 90.99, 92.64, 93.67, 94.59, 95.14, 95.66, 96.09, 96.42, 96.73, 96.96, 97.11, 97.22, 97.31, 97.45, 97.55, 97.59, 97.62, 97.66, 97.72, 97.79, 97.84, 97.92, 97.93, 97.93, 97.97, 98.0, 98.06, 98.06, 98.07]}