{"time": [11.417653560638428, 22.454689979553223, 33.46195101737976, 44.4947874546051, 55.576419830322266, 66.62271976470947, 77.63391923904419, 88.66281056404114, 99.67020201683044, 110.67365169525146, 121.6793942451477, 132.7676296234131, 143.76479196548462, 154.6887948513031, 165.54885959625244, 176.46663212776184, 187.3552622795105, 198.31824374198914, 209.22796416282654, 220.07516717910767, 230.88955640792847, 241.72358632087708, 252.55174350738525, 263.42900681495667, 274.29562997817993, 285.1344873905182, 295.8633785247803, 306.70125007629395, 317.56579971313477, 328.4412291049957], "acc": [87.99, 90.99, 92.64, 93.67, 94.59, 95.14, 95.66, 96.09, 96.42, 96.73, 96.96, 97.11, 97.22, 97.31, 97.45, 97.55, 97.59, 97.62, 97.66, 97.72, 97.79, 97.84, 97.92, 97.93, 97.93, 97.97, 98.0, 98.06, 98.06, 98.07]}