{"time": [11.488890647888184, 22.58229923248291, 33.60849070549011, 44.6589412689209, 55.675172567367554, 66.7650260925293, 77.79848504066467, 88.7897207736969, 99.87091612815857, 110.90648818016052, 121.99020791053772, 133.05488061904907, 144.10869789123535, 155.18563437461853, 166.2459557056427, 177.2987253665924, 188.3370020389557, 199.39223265647888, 210.47723865509033, 221.48346304893494, 232.57550930976868, 243.6708266735077, 254.7517659664154, 265.84744572639465, 276.99264216423035, 288.0634582042694, 299.14836263656616, 310.2447850704193, 321.3720471858978, 332.47817611694336], "acc": [87.99, 90.99, 92.64, 93.67, 94.59, 95.14, 95.66, 96.09, 96.42, 96.73, 96.96, 97.11, 97.22, 97.31, 97.45, 97.55, 97.59, 97.62, 97.66, 97.72, 97.79, 97.84, 97.92, 97.93, 97.93, 97.97, 98.0, 98.06, 98.06, 98.07]}