{"time": [13.098773002624512, 25.912742137908936, 38.98293614387512, 51.83508229255676, 64.68884205818176, 77.53453850746155, 90.39429569244385, 103.25504946708679, 116.1103584766388, 128.95509219169617, 141.7890121936798, 154.64073824882507, 168.17513799667358, 181.04347252845764, 193.9093098640442, 206.7480273246765, 219.60533452033997, 232.65513491630554, 245.521089553833, 258.3844265937805, 271.24470829963684, 284.10522961616516, 298.5110788345337, 311.3887298107147, 324.2680504322052, 337.099650144577, 349.1711356639862, 361.35925793647766, 373.4535391330719, 385.55171394348145], "acc": [88.68, 91.11, 92.9, 94.02, 94.61, 95.24, 95.61, 95.85, 96.4, 96.76, 96.95, 96.76, 97.26, 97.35, 97.4, 97.53, 97.63, 97.79, 97.73, 97.86, 97.95, 97.89, 98.07, 98.07, 98.08, 98.08, 98.05, 98.14, 98.13, 98.1]}