{"time": [10.300569534301758, 20.18589162826538, 30.07396364212036, 39.958871603012085, 49.85996961593628, 59.76345682144165, 69.66672348976135, 79.53847241401672, 89.4401044845581, 100.03903794288635, 109.93438458442688, 119.82627511024475, 129.73001718521118, 139.60927081108093, 149.49518036842346, 159.39361143112183, 169.28947257995605, 179.16527104377747, 189.03181672096252, 198.92149257659912, 208.80190873146057, 218.93234825134277, 228.8427972793579, 238.75335907936096, 248.65333485603333, 258.5627760887146, 268.4397222995758, 279.030433177948, 288.951779127121, 298.87246012687683], "acc": [88.68, 91.11, 92.9, 94.02, 94.61, 95.24, 95.61, 95.85, 96.4, 96.76, 96.95, 96.76, 97.26, 97.35, 97.4, 97.53, 97.63, 97.79, 97.73, 97.86, 97.95, 97.89, 98.07, 98.07, 98.08, 98.08, 98.05, 98.14, 98.13, 98.1]}