{"time": [387.7503180503845], "trainLoss": [1.7589832544326782], "testLoss": [1.6582618896484376], "accTest": [34.91]}