{
    "time": [
        387.7503180503845
    ],
    "trainLoss": [
        1.7589832544326782
    ],
    "testLoss": [
        1.6582618896484376
    ],
    "accTest": [
        34.91
    ],
    "augment_0": {
        "time": [
            446.49338269233704
        ],
        "trainLoss": [
            1.7327625751495361
        ],
        "testLoss": [
            1.6562944580078125
        ],
        "accTest": [
            35.57
        ],
        "accTrain": [
            26.48
        ]
    },
    "dropout_0.0": {
        "time": [
            447.0703241825104
        ],
        "trainLoss": [
            1.7327625751495361
        ],
        "testLoss": [
            1.6562944580078125
        ],
        "accTest": [
            35.57
        ],
        "accTrain": [
            26.48
        ]
    },
    "baseline": {
        "time": [
            446.61465215682983
        ],
        "trainLoss": [
            1.7327625751495361
        ],
        "testLoss": [
            1.6562944580078125
        ],
        "accTest": [
            35.57
        ],
        "accTrain": [
            26.48
        ]
    }
}