{"time": [6.7393481731414795], "trainLoss": [1.6394968032836914], "testLoss": [1.8705994384765625], "accTest": [29.66], "0.0": {"time": [6.784578084945679, 12.841220378875732, 18.935704708099365, 25.304479360580444, 31.453502416610718, 37.60287880897522, 43.74091053009033, 49.866170167922974, 56.01142406463623, 62.191757917404175, 68.39650273323059, 74.56874704360962, 80.75434637069702, 87.118816614151, 93.35590481758118, 99.53166151046753, 105.7310471534729, 111.95540046691895, 118.17760634422302, 124.38986945152283, 131.30394434928894, 137.51279759407043, 143.71388912200928, 149.97659516334534, 156.22319650650024, 162.50186443328857, 168.78338646888733, 175.02745485305786, 181.27388548851013, 187.56659126281738], "trainLoss": [1.6266334056854248, 1.509355068206787, 1.1948683261871338, 0.9506691098213196, 1.0205472707748413, 0.8931096196174622, 0.5346308350563049, 0.6621633768081665, 0.5881319046020508, 0.3984993100166321, 0.5087683796882629, 0.41416510939598083, 0.2980077266693115, 0.2605941593647003, 0.22172698378562927, 0.1830889880657196, 0.08764340728521347, 0.18055227398872375, 0.15035954117774963, 0.07048951089382172, 0.03675396367907524, 0.060356806963682175, 0.06710286438465118, 0.021487105637788773, 0.16399991512298584, 0.04062017425894737, 0.07328098267316818, 0.056190818548202515, 0.009542824700474739, 0.03088068589568138], "testLoss": [1.8721610107421875, 1.4465305786132812, 1.283656866455078, 1.1466710998535157, 1.0566674926757813, 0.9615436462402344, 0.9333510681152344, 0.9312164489746094, 0.8672565856933594, 0.8360553039550781, 0.8691811889648438, 0.9068569702148438, 1.0046845336914063, 1.078882861328125, 1.119068408203125, 1.3394049438476563, 1.3385524780273437, 1.378251904296875, 1.3826399230957032, 1.4639870483398438, 1.5206008056640625, 1.4232819946289061, 1.4792158325195313, 1.4763933715820312, 1.5733773193359375, 1.5120502563476563, 1.452094970703125, 1.410239208984375, 1.6630914306640625, 1.4747181762695312], "accTest": [31.61, 44.75, 53.09, 58.48, 61.61, 65.85, 67.75, 68.69, 71.4, 72.95, 72.01, 73.11, 72.16, 73.19, 71.65, 71.04, 72.81, 71.61, 72.74, 73.23, 72.76, 72.94, 73.07, 73.61, 71.79, 73.94, 73.72, 73.9, 72.64, 72.78]}, "0.1": {"time": [6.786155939102173, 12.953085660934448, 19.111698389053345, 25.308117151260376, 31.463700771331787, 37.672932147979736, 43.902239084243774, 50.09828209877014, 56.367209911346436, 62.63045620918274, 68.92142724990845, 75.17963790893555, 81.45675778388977, 87.74248552322388, 94.00747752189636, 100.2906756401062, 106.54052376747131, 112.83515214920044, 119.77546381950378, 125.97977900505066, 132.24968600273132, 138.50179600715637, 144.78207850456238, 151.02478051185608, 157.31333351135254, 163.59729886054993, 169.85403442382812, 176.12689423561096, 182.38959527015686, 188.6554548740387], "trainLoss": [1.6784512996673584, 1.5484354496002197, 1.1996543407440186, 0.9502242803573608, 1.214654803276062, 0.8531551361083984, 0.5018884539604187, 0.6460850834846497, 0.7146533131599426, 0.39506441354751587, 0.5590547323226929, 0.40880316495895386, 0.22556209564208984, 0.13509312272071838, 0.18426662683486938, 0.14267587661743164, 0.17860984802246094, 0.0638388991355896, 0.12270760536193848, 0.036784082651138306, 0.02743511274456978, 0.11735477298498154, 0.03420630097389221, 0.04493867605924606, 0.02388652041554451, 0.016676921397447586, 0.1270393431186676, 0.011312609538435936, 0.07225770503282547, 0.02593536116182804], "testLoss": [1.8237539672851562, 1.4446803344726562, 1.2712460754394532, 1.1190871398925781, 1.0022929138183594, 0.9551246337890625, 0.9022860656738281, 0.8809677124023437, 0.8888611999511719, 0.8643838256835937, 0.8761723693847656, 0.9529459594726563, 1.09568359375, 1.1227819763183593, 1.107590008544922, 1.2220800598144532, 1.2021204040527345, 1.2569746704101563, 1.2450906005859375, 1.3399467041015625, 1.3949044311523437, 1.4041009643554687, 1.5326869506835938, 1.47151591796875, 1.4743955810546876, 1.5205509643554687, 1.3525617248535156, 1.5342109130859376, 1.430360888671875, 1.3874544311523438], "accTest": [32.31, 45.11, 54.12, 59.57, 64.05, 66.07, 68.65, 69.84, 70.51, 72.32, 72.31, 72.53, 71.03, 72.1, 72.02, 71.91, 73.57, 72.92, 73.51, 73.19, 73.29, 73.33, 73.26, 74.08, 73.77, 73.4, 73.41, 73.37, 74.47, 74.86]}, "0.3": {"time": [6.787949562072754, 12.91732907295227, 19.075584411621094, 25.27944779396057, 31.476239442825317, 37.66504502296448, 43.898507595062256, 50.07962656021118, 56.318315505981445, 62.51764631271362, 70.22646880149841, 76.39049053192139, 82.62349939346313, 88.85822367668152, 95.04893207550049, 101.26490497589111, 108.98305153846741, 115.1830084323883, 121.36462235450745, 127.56256914138794, 133.91700720787048, 140.1294343471527, 146.3778235912323, 152.66012620925903, 158.93417072296143, 165.19366884231567, 171.47532272338867, 177.72869634628296, 184.00933694839478, 190.3081362247467], "trainLoss": [1.6561784744262695, 1.3615750074386597, 1.1883351802825928, 1.0220412015914917, 1.0396608114242554, 0.8586716651916504, 0.6260122656822205, 0.5830549001693726, 0.7155681252479553, 0.35022297501564026, 0.545025646686554, 0.4010312557220459, 0.2575436234474182, 0.24951334297657013, 0.1660229116678238, 0.10833869874477386, 0.2707701623439789, 0.104109026491642, 0.10476954281330109, 0.02685406804084778, 0.04130379110574722, 0.04077482968568802, 0.07119757682085037, 0.05982492119073868, 0.017105601727962494, 0.02575802430510521, 0.008905335329473019, 0.04993704706430435, 0.04299357533454895, 0.07003719359636307], "testLoss": [1.7381350341796875, 1.3922785522460936, 1.212819415283203, 1.0808143005371094, 1.0248791259765626, 0.9660330078125, 0.8990266052246094, 0.9323440124511718, 0.8758329650878907, 0.8518748474121094, 0.8613356140136719, 0.9019157836914062, 0.9613114379882812, 1.0177226013183593, 1.0561491394042968, 1.1294809020996093, 1.2501001281738282, 1.2051683471679688, 1.3130194946289062, 1.3635130493164063, 1.3668629760742188, 1.3470204223632813, 1.359049560546875, 1.411834765625, 1.3413073364257813, 1.4609785522460939, 1.4409488159179686, 1.6285421508789062, 1.3885011962890625, 1.351051318359375], "accTest": [34.89, 47.96, 55.84, 60.82, 63.46, 66.28, 68.67, 68.09, 71.38, 72.36, 73.04, 72.77, 72.25, 72.97, 72.75, 73.65, 72.71, 72.44, 72.84, 73.17, 73.08, 74.03, 73.36, 73.43, 73.77, 73.52, 73.32, 73.29, 74.34, 74.58]}, "0.5": {"time": [6.821876287460327, 12.98339295387268, 19.145065546035767, 25.308342695236206, 32.221869230270386, 38.428720474243164, 44.63085126876831, 50.845017194747925, 57.26497268676758, 63.45227861404419, 69.6375503540039, 75.88522028923035, 82.16067504882812, 88.4269814491272, 94.6936526298523, 100.97523546218872, 107.22826600074768, 113.52728343009949, 120.43693327903748, 126.66651916503906, 132.88528275489807, 139.10640931129456, 145.3972978591919, 151.66273045539856, 157.90293312072754, 164.14784502983093, 170.44081211090088, 176.715970993042, 183.66654896736145, 189.8717978000641], "trainLoss": [1.651963233947754, 1.4570229053497314, 1.2158782482147217, 0.9638428688049316, 1.0202406644821167, 1.0113155841827393, 0.6218787431716919, 0.63929682970047, 0.6665926575660706, 0.352615088224411, 0.5555267333984375, 0.4193609356880188, 0.41997605562210083, 0.2803555727005005, 0.18928369879722595, 0.14629945158958435, 0.19247494637966156, 0.2043696939945221, 0.11202150583267212, 0.044886551797389984, 0.08755122870206833, 0.06710274517536163, 0.018026959151029587, 0.13811077177524567, 0.05171511322259903, 0.12297382205724716, 0.12336480617523193, 0.06294827163219452, 0.018468832597136497, 0.03706249222159386],