{"time": [8.784958362579346, 16.649828672409058, 24.74899697303772, 32.61395454406738, 40.498087644577026, 48.34097862243652, 56.19796442985535, 64.0406665802002, 71.88978409767151, 79.73499655723572, 88.26853013038635, 96.12945055961609, 103.98149490356445, 111.8394045829773, 119.70844578742981, 127.58839082717896, 135.44140672683716, 143.32815670967102, 151.38847184181213, 159.26595616340637, 167.11639046669006, 174.98610019683838, 182.8583264350891, 191.40894961357117, 199.27580404281616, 207.14293789863586, 215.69223356246948, 223.56298828125, 231.42561793327332, 239.28124737739563], "accuracy": [38.58, 50.42, 34.36, 51.51, 60.94, 54.59, 56.61, 62.78, 59.47, 60.38, 59.82, 63.44, 61.44, 61.86, 60.29, 62.45, 63.48, 63.94, 63.83, 63.71, 63.73, 63.79, 63.71, 63.65, 62.55, 63.15, 63.25, 63.73, 62.68, 63.54]}