{"time": [7.500457048416138, 14.566213130950928, 21.639649152755737, 28.719140768051147, 35.778679847717285, 42.84896755218506, 50.92817997932434, 57.99016356468201, 65.08344340324402, 72.14500188827515, 79.23875021934509, 86.31188654899597, 93.39953851699829, 100.4882538318634, 107.54835295677185, 114.63959074020386, 121.71940183639526, 128.8025529384613, 135.8803732395172, 142.9581696987152, 150.03381443023682, 157.105384349823, 164.1737504005432, 171.24901938438416, 178.32468342781067, 185.3839225769043, 192.46186113357544, 199.5234158039093, 206.58577585220337, 213.64729833602905], "accuracy": [19.71, 27.95, 30.97, 27.91, 33.05, 36.4, 35.27, 38.13, 35.69, 41.56, 39.88, 40.85, 39.73, 42.19, 35.97, 43.63, 45.5, 39.58, 46.09, 47.69, 44.18, 44.36, 44.24, 48.88, 42.52, 44.88, 42.54, 48.64, 48.44, 41.03]}